{"loss": [0.45804327726364136, 0.1654544323682785, 0.11558370292186737, 0.10339967161417007, 0.0998222753405571, 0.08330357074737549, 0.08876720070838928, 0.0798792839050293, 0.07474573701620102, 0.07164079695940018, 0.07007499039173126, 0.06714139133691788, 0.061580199748277664, 0.06966450065374374, 0.062122147530317307, 0.06503292918205261, 0.055938754230737686, 0.05801602452993393, 0.048383377492427826, 0.046951379626989365, 0.052276719361543655, 0.04686542600393295], "accuracy": [0.9179357290267944, 0.946136474609375, 0.9613649249076843, 0.9638324975967407, 0.9648900032043457, 0.970389187335968, 0.9672166109085083, 0.9700366854667664, 0.9717286825180054, 0.9741962552070618, 0.9747602939605713, 0.9760293364524841, 0.9781444072723389, 0.9752538204193115, 0.9787083864212036, 0.9766638278961182, 0.9814580082893372, 0.9806119799613953, 0.9840665459632874, 0.9847010970115662, 0.9827975034713745, 0.9841370582580566], "val_loss": [0.18942055106163025, 0.11866910755634308, 0.0977340042591095, 0.09771087765693665, 0.08328800648450851, 0.08133566379547119, 0.07859884947538376, 0.09081321954727173, 0.07632045447826385, 0.06945282965898514, 0.06341739743947983, 0.07688873261213303, 0.0632229894399643, 0.07197242975234985, 0.0688670426607132, 0.06370309740304947, 0.05703205615282059, 0.05785709619522095, 0.07987401634454727, 0.05802534520626068, 0.07078239321708679, 0.12914736568927765], "val_accuracy": [0.9410769939422607, 0.962221622467041, 0.9712433218955994, 0.9625035524368286, 0.973780632019043, 0.9723710417747498, 0.9709613919258118, 0.9639131426811218, 0.9709613919258118, 0.975190281867981, 0.9782915115356445, 0.9712433218955994, 0.9774457216262817, 0.972934901714325, 0.9771637916564941, 0.9797011613845825, 0.9794192314147949, 0.9791373014450073, 0.9698336720466614, 0.9797011613845825, 0.9746264219284058, 0.9529179334640503]}