{"loss": [0.46741411089897156, 0.16467685997486115, 0.12923960387706757, 0.10801374167203903, 0.09705418348312378, 0.08735121786594391, 0.08637761324644089, 0.07872918993234634, 0.07955492287874222, 0.07212906330823898, 0.06802328675985336, 0.06442813575267792, 0.06316427886486053, 0.06229217350482941, 0.05715337023139, 0.05701157823204994, 0.06113216653466225, 0.05365383252501488, 0.047711651772260666, 0.05026664957404137, 0.04659368470311165, 0.04398520663380623, 0.039940886199474335, 0.034768253564834595, 0.03837297484278679, 0.03717704489827156, 0.03271877393126488, 0.03044062666594982, 0.02750510722398758, 0.030699850991368294, 0.025649888440966606, 0.02764206752181053, 0.026598285883665085, 0.01957971230149269, 0.026547623798251152, 0.021352648735046387, 0.016858816146850586, 0.029702480882406235], "accuracy": [0.9148336052894592, 0.945713460445404, 0.9565002918243408, 0.9622109532356262, 0.9672166109085083, 0.9697546362876892, 0.9701071381568909, 0.9715172052383423, 0.9720107316970825, 0.973632276058197, 0.9758883118629456, 0.9770868420600891, 0.9776508808135986, 0.9771573543548584, 0.98117595911026, 0.9790608882904053, 0.9797659516334534, 0.9820219874382019, 0.9847010970115662, 0.9829385280609131, 0.9860405921936035, 0.986604630947113, 0.9882261753082275, 0.9899182319641113, 0.988085150718689, 0.9892131686210632, 0.9907642602920532, 0.9919627904891968, 0.9934433102607727, 0.9915397763252258, 0.9937252998352051, 0.9927383065223694, 0.9932318329811096, 0.9954173564910889, 0.9937252998352051, 0.9953468441963196, 0.9970389008522034, 0.990905225276947], "val_loss": [0.19022703170776367, 0.1270214319229126, 0.10605473071336746, 0.10917393118143082, 0.09187731891870499, 0.08172277361154556, 0.07767988741397858, 0.07575907558202744, 0.08423301577568054, 0.06669991463422775, 0.0684216096997261, 0.0916004478931427, 0.06252548098564148, 0.06981131434440613, 0.1040337085723877, 0.06256313621997833, 0.06197222322225571, 0.05964864417910576, 0.07210423797369003, 0.05778500437736511, 0.06319373846054077, 0.058822885155677795, 0.05490605905652046, 0.055704861879348755, 0.05112719163298607, 0.051595646888017654, 0.06763237714767456, 0.05042298510670662, 0.04955955222249031, 0.05135149508714676, 0.049970827996730804, 0.07446470111608505, 0.04750567302107811, 0.05353735387325287, 0.08048912137746811, 0.06243305280804634, 0.05480703338980675, 0.06248745694756508], "val_accuracy": [0.9427685141563416, 0.957992672920227, 0.9675782322883606, 0.9574288129806519, 0.9698336720466614, 0.9706794619560242, 0.9754722118377686, 0.9746264219284058, 0.9695517420768738, 0.9768818616867065, 0.9785734415054321, 0.9650408625602722, 0.9777276515960693, 0.973780632019043, 0.9619396924972534, 0.9782915115356445, 0.9797011613845825, 0.9794192314147949, 0.9746264219284058, 0.9811108112335205, 0.9771637916564941, 0.9805469512939453, 0.9813927412033081, 0.9825204610824585, 0.9828023910522461, 0.9828023910522461, 0.9791373014450073, 0.9833662509918213, 0.9847758412361145, 0.9839301109313965, 0.9861854910850525, 0.9774457216262817, 0.9861854910850525, 0.9847758412361145, 0.9760360717773438, 0.9788553714752197, 0.9861854910850525, 0.9822385311126709]}