{"loss": [1230.0626220703125, 706.1973266601562, 657.3795776367188, 597.713623046875, 537.8243408203125, 478.5614318847656, 439.6902160644531, 420.5181579589844, 405.4534606933594, 397.1644592285156, 381.3195495605469, 368.3361511230469, 356.1253662109375, 355.30792236328125, 352.0591125488281], "mean_squared_error": [1229.5712890625, 705.8558349609375, 657.00830078125, 597.3107299804688, 537.39453125, 478.1114196777344, 439.22772216796875, 420.0472412109375, 404.9825439453125, 396.6940612792969, 380.8453674316406, 367.8535461425781, 355.6396789550781, 354.8175048828125, 351.561767578125], "val_loss": [574.3341674804688, 652.70849609375, 597.8687744140625, 739.1006469726562, 894.1859130859375, 571.0017700195312, 290.4507751464844, 296.51275634765625, 419.4012756347656, 258.566650390625, 258.89532470703125, 421.22589111328125, 277.5877990722656, 334.7748718261719, 310.5781555175781], "val_mean_squared_error": [573.99072265625, 652.3518676757812, 597.480224609375, 738.6817016601562, 893.7422485351562, 570.5462646484375, 289.9839782714844, 296.0392150878906, 418.9280090332031, 258.0953369140625, 258.41650390625, 420.7390441894531, 277.102294921875, 334.2806701660156, 310.0811462402344]}