{"loss": [1723.638427734375, 657.9817504882812, 561.8399047851562, 511.6423034667969, 444.2056884765625, 370.24139404296875, 343.79736328125, 348.8584899902344, 326.11834716796875, 316.36993408203125, 320.3584899902344, 324.9254455566406, 318.0499572753906, 300.2523193359375, 302.99658203125, 294.6584167480469, 297.70269775390625, 292.8331298828125, 288.7813415527344, 288.8715515136719, 293.6199035644531, 284.0604248046875, 291.0845642089844, 273.0054931640625, 287.69921875, 279.5971374511719, 270.72076416015625, 273.19134521484375, 271.1880187988281, 273.5055847167969, 266.14984130859375, 262.91064453125, 263.6759338378906, 258.23663330078125, 254.0178680419922, 258.1994934082031, 263.11016845703125, 253.599853515625, 254.7158966064453, 242.74949645996094, 248.7491912841797, 243.16348266601562, 242.01126098632812, 243.4716339111328, 239.5731964111328, 238.824462890625, 236.05137634277344, 232.8194122314453, 230.1546630859375, 234.46510314941406, 234.64691162109375, 222.73329162597656, 221.26522827148438, 216.83953857421875, 218.16763305664062, 216.85389709472656, 206.83094787597656, 212.76466369628906, 213.9214324951172, 209.47518920898438, 205.44683837890625, 200.8507537841797, 202.48670959472656, 193.5139617919922, 194.8199005126953, 186.7530517578125, 185.20082092285156, 192.20004272460938, 180.5654754638672, 179.01622009277344, 186.4418182373047, 175.75946044921875, 175.28799438476562, 171.4807891845703, 168.8575897216797, 175.00486755371094, 165.7553253173828, 167.6981964111328, 165.39691162109375, 163.34942626953125, 160.91973876953125, 156.7639923095703, 158.57046508789062, 153.3443603515625, 156.39773559570312, 147.57257080078125, 149.83297729492188, 147.90750122070312, 145.6118927001953, 142.96961975097656, 145.59573364257812, 138.46339416503906, 139.52345275878906, 142.4307403564453, 141.3575439453125, 140.16221618652344, 139.89817810058594, 137.21292114257812, 134.89329528808594, 137.7379913330078], "mean_squared_error": [1723.0894775390625, 657.4759521484375, 561.2752075195312, 511.0381774902344, 443.5604248046875, 369.56195068359375, 343.1044921875, 348.1682434082031, 325.4291687011719, 315.6824951171875, 319.671142578125, 324.2409362792969, 317.36553955078125, 299.5682067871094, 302.3134765625, 293.9732666015625, 297.0146179199219, 292.1443786621094, 288.0914001464844, 288.180419921875, 292.9298400878906, 283.36541748046875, 290.38482666015625, 272.3025817871094, 286.99114990234375, 278.8832092285156, 269.997314453125, 272.4630432128906, 270.4516906738281, 272.76318359375, 265.40191650390625, 262.1558532714844, 262.91290283203125, 257.4652404785156, 253.23838806152344, 257.4095458984375, 262.3138122558594, 252.79388427734375, 253.9012908935547, 241.9234161376953, 247.9122314453125, 242.3144073486328, 241.1484832763672, 242.59478759765625, 238.6820068359375, 237.91546630859375, 235.12342834472656, 231.87757873535156, 229.19322204589844, 233.48980712890625, 233.65325927734375, 221.72325134277344, 220.232177734375, 215.7825164794922, 217.0884552001953, 215.75439453125, 205.7070770263672, 211.6171875, 212.746337890625, 208.27281188964844, 204.21011352539062, 199.5876007080078, 201.19309997558594, 192.1907958984375, 193.46595764160156, 185.3696746826172, 183.7814483642578, 190.75265502929688, 179.08226013183594, 177.50180053710938, 184.89405822753906, 174.18116760253906, 173.68453979492188, 169.84825134277344, 167.19656372070312, 173.32037353515625, 164.0398406982422, 165.96163940429688, 163.63624572753906, 161.56239318847656, 159.1107940673828, 154.9333953857422, 156.7164764404297, 151.46754455566406, 154.50283813476562, 145.65728759765625, 147.89382934570312, 145.95028686523438, 143.63519287109375, 140.97552490234375, 143.5835418701172, 136.4256134033203, 137.47181701660156, 140.3634490966797, 139.28627014160156, 138.08473205566406, 137.8143310546875, 135.12005615234375, 132.78749084472656, 135.62013244628906], "val_loss": [616.9234619140625, 523.6477661132812, 467.1404724121094, 411.1081848144531, 347.0256652832031, 312.0321044921875, 357.1567077636719, 276.7267761230469, 252.82073974609375, 255.54928588867188, 279.1368713378906, 261.0583190917969, 243.1149139404297, 239.04518127441406, 288.6859130859375, 236.36163330078125, 235.731689453125, 235.1032257080078, 226.82859802246094, 248.33529663085938, 246.71212768554688, 256.5379638671875, 227.60260009765625, 220.68624877929688, 218.56106567382812, 213.3969268798828, 217.9727020263672, 216.51487731933594, 210.66751098632812, 210.7480926513672, 209.50965881347656, 237.08197021484375, 267.572021484375, 215.3040771484375, 216.37245178222656, 204.71292114257812, 242.1615753173828, 197.7421112060547, 197.22695922851562, 211.0614471435547, 239.4929656982422, 216.9980926513672, 204.89480590820312, 194.935546875, 194.72703552246094, 203.64254760742188, 188.33729553222656, 189.60105895996094, 189.5770721435547, 194.39739990234375, 235.96424865722656, 182.5566864013672, 184.89535522460938, 180.86318969726562, 216.22518920898438, 207.53237915039062, 179.25946044921875, 178.31112670898438, 201.11721801757812, 226.33522033691406, 166.06314086914062, 202.30844116210938, 177.94003295898438, 159.6781768798828, 163.7607879638672, 163.3682098388672, 155.65013122558594, 156.55467224121094, 169.41482543945312, 179.67103576660156, 147.68499755859375, 150.74754333496094, 144.18984985351562, 150.16209411621094, 141.6388702392578, 142.17910766601562, 150.42356872558594, 138.5297393798828, 178.02676391601562, 149.17152404785156, 136.87088012695312, 134.93673706054688, 136.5819549560547, 129.58042907714844, 146.35043334960938, 120.470703125, 132.64141845703125, 121.07620239257812, 117.72313690185547, 126.04696655273438, 121.25045776367188, 115.39845275878906, 118.25670623779297, 115.66748046875, 114.88289642333984, 114.27318572998047, 114.59654235839844, 114.19222259521484, 125.21660614013672, 109.2372055053711], "val_mean_squared_error": [616.4616088867188, 523.1104736328125, 466.557373046875, 410.484375, 346.3585510253906, 311.3415222167969, 356.4645080566406, 276.0359191894531, 252.13192749023438, 254.8602294921875, 278.4507751464844, 260.374755859375, 242.43202209472656, 238.36154174804688, 288.0042724609375, 235.67381286621094, 235.04356384277344, 234.41539001464844, 226.1378173828125, 247.64483642578125, 246.02059936523438, 255.8406524658203, 226.90196228027344, 219.98011779785156, 217.85032653808594, 212.67791748046875, 217.24754333496094, 215.78173828125, 209.9287109375, 210.00453186035156, 208.75828552246094, 236.3232421875, 266.8053894042969, 214.52774047851562, 215.58807373046875, 203.92079162597656, 241.3616943359375, 196.9348602294922, 196.406494140625, 210.2300567626953, 238.64854431152344, 216.14413452148438, 204.02391052246094, 194.05052185058594, 193.8297576904297, 202.72372436523438, 187.404296875, 188.6479034423828, 188.6084442138672, 193.4138946533203, 234.9638214111328, 181.53530883789062, 183.8498077392578, 179.79318237304688, 215.13510131835938, 206.4215850830078, 178.12258911132812, 177.15049743652344, 199.9274444580078, 225.12008666992188, 164.81158447265625, 201.03050231933594, 176.63369750976562, 158.34024047851562, 162.39459228515625, 161.96484375, 154.2187042236328, 155.08883666992188, 167.91952514648438, 178.1415557861328, 146.1226348876953, 149.15771484375, 142.5723419189453, 148.51499938964844, 139.96730041503906, 140.47657775878906, 148.69821166992188, 136.77853393554688, 176.25645446777344, 147.37611389160156, 135.0511474609375, 133.09475708007812, 134.71405029296875, 127.6932373046875, 144.44317626953125, 118.54237365722656, 130.69204711914062, 119.10844421386719, 115.7353744506836, 124.05145263671875, 119.22565460205078, 113.3547592163086, 116.19436645507812, 113.59962463378906, 112.80970764160156, 112.19257354736328, 112.50981140136719, 112.09198760986328, 123.10861206054688, 107.11139678955078]}