{"loss": [0.23618538677692413, 0.11919284611940384, 0.09910660237073898, 0.09126097708940506, 0.07637446373701096, 0.06986676156520844, 0.06991176307201385, 0.06679510325193405, 0.060949280858039856, 0.060707543045282364, 0.05849818140268326, 0.058181267231702805, 0.055706918239593506, 0.05872144550085068, 0.04414118081331253, 0.042405735701322556, 0.04088592529296875, 0.043248746544122696, 0.03838995471596718, 0.037595734000205994, 0.0376146174967289, 0.030490683391690254, 0.033435676246881485, 0.02849060483276844, 0.029226643964648247, 0.027617938816547394, 0.026055190712213516, 0.025674179196357727, 0.029443668201565742, 0.03260773792862892, 0.0211163479834795, 0.02279268577694893, 0.021073464304208755, 0.019276488572359085, 0.019198331981897354, 0.020913710817694664, 0.02285117842257023, 0.022823352366685867, 0.022967848926782608, 0.018414469435811043, 0.01691160351037979, 0.018341053277254105, 0.017466286197304726, 0.022838382050395012, 0.015494080260396004, 0.015899494290351868, 0.013256005942821503, 0.021471569314599037, 0.0196364838629961, 0.018835490569472313, 0.014946560375392437, 0.01863647811114788, 0.016878392547369003, 0.01608637534081936, 0.014568445272743702, 0.018693065270781517, 0.015977781265974045, 0.014804832637310028, 0.01688760332763195, 0.014470727182924747, 0.012629341334104538, 0.024282163009047508, 0.01525835134088993, 0.011158411391079426, 0.016566423699259758, 0.013275346718728542, 0.023337431252002716, 0.013494864106178284, 0.014881987124681473, 0.01640472002327442, 0.015061058104038239, 0.012561986222863197, 0.013202223926782608, 0.014182522892951965, 0.0149733517318964, 0.014842720702290535, 0.012785560451447964, 0.011403463780879974, 0.013471507467329502, 0.014427020214498043, 0.012979221530258656, 0.010849985294044018, 0.017222335562109947, 0.01251651905477047, 0.021370885893702507, 0.015692174434661865, 0.009217805229127407, 0.00908344890922308, 0.009015072137117386, 0.008992346934974194, 0.008934682235121727, 0.008904756046831608, 0.008843024261295795, 0.008861463516950607, 0.008828978054225445, 0.008774913847446442, 0.008775277063250542, 0.008721846155822277, 0.008717917837202549, 0.00866420567035675], "accuracy": [0.9118020534515381, 0.957416832447052, 0.9628454446792603, 0.9654540419578552, 0.9731387495994568, 0.9750422835350037, 0.9751833081245422, 0.9746192693710327, 0.9793429374694824, 0.9792019128799438, 0.9785674214363098, 0.9791314005851746, 0.9807529449462891, 0.9796249270439148, 0.9868161082267761, 0.9873096346855164, 0.987027645111084, 0.9872391223907471, 0.9880146384239197, 0.9882966876029968, 0.9885786771774292, 0.9918922781944275, 0.9905527234077454, 0.9919627904891968, 0.9923152923583984, 0.9930202960968018, 0.993513822555542, 0.9942188262939453, 0.9921742677688599, 0.9906937479972839, 0.9959108829498291, 0.994571328163147, 0.9946418404579163, 0.9963338971138, 0.996122419834137, 0.9954878687858582, 0.9954173564910889, 0.9946418404579163, 0.9949943423271179, 0.9964044094085693, 0.9975324273109436, 0.9965453743934631, 0.9966158866882324, 0.9945008754730225, 0.9976029396057129, 0.9980259537696838, 0.9988014698028564, 0.9955583810806274, 0.9957698583602905, 0.9962633848190308, 0.9980964660644531, 0.9969683885574341, 0.9968274235725403, 0.9971799254417419, 0.9982374310493469, 0.9968274235725403, 0.997391402721405, 0.9978849291801453, 0.9972504377365112, 0.9978849291801453, 0.9987309575080872, 0.9944303631782532, 0.9975324273109436, 0.999365508556366, 0.9972504377365112, 0.9984489679336548, 0.994571328163147, 0.9983784556388855, 0.9978849291801453, 0.9972504377365112, 0.9976029396057129, 0.9987309575080872, 0.9982374310493469, 0.9982374310493469, 0.9976029396057129, 0.9977439641952515, 0.9985899329185486, 0.9992244839668274, 0.9985194802284241, 0.9979554414749146, 0.9987309575080872, 0.999365508556366, 0.9971799254417419, 0.9985899329185486, 0.9954173564910889, 0.9977439641952515, 1.0, 1.0, 1.0, 1.0, 1.0, 1.0, 1.0, 1.0, 1.0, 1.0, 1.0, 1.0, 1.0, 1.0], "val_loss": [0.13568279147148132, 0.12139543145895004, 0.08665359020233154, 0.08322831243276596, 0.08022087067365646, 0.0815751925110817, 0.07052300125360489, 0.07179654389619827, 0.11529050022363663, 0.07422586530447006, 0.07652352005243301, 0.06667042523622513, 0.0737004280090332, 0.06146885082125664, 0.06859941780567169, 0.07252881675958633, 0.10219909250736237, 0.07634987682104111, 0.0566590242087841, 0.0877189189195633, 0.052993517369031906, 0.06541728228330612, 0.056320980191230774, 0.05828365683555603, 0.06096788868308067, 0.05751965194940567, 0.06850619614124298, 0.06617709994316101, 0.05317346751689911, 0.05321960896253586, 0.059029676020145416, 0.06215972825884819, 0.07327579706907272, 0.07841400802135468, 0.05973124876618385, 0.08187393099069595, 0.06137454882264137, 0.05673029273748398, 0.06359133124351501, 0.06731751561164856, 0.05747726559638977, 0.07357680797576904, 0.06599396467208862, 0.0544152669608593, 0.08441343158483505, 0.06526019424200058, 0.07238270342350006, 0.08272583037614822, 0.06267989426851273, 0.0570409782230854, 0.07943787425756454, 0.06504872441291809, 0.07212326675653458, 0.06444667279720306, 0.08323731273412704, 0.06100082769989967, 0.07041047513484955, 0.061601363122463226, 0.07627596706151962, 0.07030410319566727, 0.06446617841720581, 0.051786988973617554, 0.059017278254032135, 0.05949237197637558, 0.07425978779792786, 0.059163130819797516, 0.056060466915369034, 0.08368027210235596, 0.06905804574489594, 0.06316637247800827, 0.06611562520265579, 0.08423022925853729, 0.06319840997457504, 0.06142638251185417, 0.06069435924291611, 0.0643218383193016, 0.07453472167253494, 0.06473089009523392, 0.07174791395664215, 0.054519690573215485, 0.0646229237318039, 0.0806245356798172, 0.05648384243249893, 0.05945681408047676, 0.05892075225710869, 0.06414506584405899, 0.06570638716220856, 0.06462398916482925, 0.06607776135206223, 0.06568493694067001, 0.06631404161453247, 0.06774041801691055, 0.06711696088314056, 0.06752746552228928, 0.06746453791856766, 0.06785769015550613, 0.07252496480941772, 0.06886327266693115, 0.07222181558609009, 0.07089990377426147],