{"loss": [6189.99658203125, 4511.10302734375, 3276.75244140625, 2452.395263671875, 2014.3145751953125, 1886.8035888671875, 1876.0008544921875, 1862.8851318359375, 1854.71728515625, 1844.8125, 1832.7310791015625, 1835.9345703125, 1822.6597900390625, 1815.0487060546875, 1810.6356201171875, 1802.7425537109375, 1789.8978271484375, 1785.3248291015625, 1776.5638427734375, 1773.3380126953125, 1764.0980224609375, 1756.593994140625, 1753.20849609375, 1742.498291015625, 1741.1578369140625, 1731.760986328125, 1716.45556640625, 1467.447265625, 770.3151245117188, 422.0379638671875, 302.94354248046875, 278.4229736328125, 264.05499267578125, 254.599365234375, 245.683837890625, 236.06715393066406, 231.97909545898438, 229.41481018066406, 224.51336669921875, 213.7984161376953, 214.9161376953125, 210.9839324951172, 204.32476806640625, 201.62643432617188, 198.9727325439453, 196.46725463867188, 191.77320861816406, 190.31793212890625, 182.99862670898438, 185.9890899658203, 180.4010467529297, 180.70724487304688, 175.670654296875, 175.49098205566406, 170.728271484375, 169.19149780273438, 168.13438415527344, 162.00047302246094, 161.6815948486328, 161.78759765625, 159.2512969970703, 155.145263671875, 155.347412109375, 149.19769287109375, 149.28033447265625, 143.97518920898438, 145.98342895507812, 142.7094268798828, 142.69021606445312, 140.45433044433594, 138.80149841308594, 136.77293395996094, 136.93289184570312, 134.09426879882812, 132.40151977539062, 133.127197265625, 128.3140106201172, 129.02110290527344, 125.92644500732422, 124.12213897705078, 123.55567932128906, 122.67353820800781, 119.80105590820312, 117.89209747314453, 119.99075317382812, 113.73385620117188, 115.19902038574219, 116.47987365722656, 111.52432250976562, 111.1999282836914, 110.8778305053711, 110.03489685058594, 108.61166381835938, 104.83441162109375, 103.01570129394531, 105.36016845703125, 105.30931091308594, 104.56956481933594, 101.58689880371094, 100.96672821044922], "mean_squared_error": [6189.94091796875, 4510.9482421875, 3276.432373046875, 2451.85693359375, 2013.5230712890625, 1885.82666015625, 1874.968994140625, 1861.848876953125, 1853.673583984375, 1843.7633056640625, 1831.6839599609375, 1834.8773193359375, 1821.59521484375, 1813.9771728515625, 1809.5615234375, 1801.65380859375, 1788.79833984375, 1784.2152099609375, 1775.4412841796875, 1772.1983642578125, 1762.9471435546875, 1755.4324951171875, 1752.024658203125, 1741.298095703125, 1739.9417724609375, 1730.52783203125, 1715.197509765625, 1466.13330078125, 768.7330322265625, 420.10406494140625, 300.7007751464844, 276.0254211425781, 261.5794982910156, 252.09693908691406, 243.1560516357422, 233.54425048828125, 229.4451446533203, 226.87435913085938, 221.9803009033203, 211.266357421875, 212.38702392578125, 208.4532928466797, 201.78944396972656, 199.10372924804688, 196.45407104492188, 193.95327758789062, 189.2602996826172, 187.8043212890625, 180.48092651367188, 183.47879028320312, 177.89268493652344, 178.19558715820312, 173.16114807128906, 172.987548828125, 168.23605346679688, 166.68870544433594, 165.63558959960938, 159.5098876953125, 159.19627380371094, 159.29998779296875, 156.7672882080078, 152.65594482421875, 152.86306762695312, 146.72872924804688, 146.80213928222656, 141.50498962402344, 143.5147247314453, 140.25314331054688, 140.2271728515625, 137.98976135253906, 136.33392333984375, 134.31524658203125, 134.48086547851562, 131.6424102783203, 129.953369140625, 130.6864013671875, 125.87164306640625, 126.58322143554688, 123.4843978881836, 121.68353271484375, 121.12452697753906, 120.23663330078125, 117.36511993408203, 115.45428466796875, 117.55635833740234, 111.29949951171875, 112.76812744140625, 114.0411148071289, 109.09271240234375, 108.76876831054688, 108.45185852050781, 107.61385345458984, 106.19450378417969, 102.41256713867188, 100.5932388305664, 102.94195556640625, 102.89228057861328, 102.15301513671875, 99.16839599609375, 98.53785705566406], "val_loss": [5152.53515625, 3737.37109375, 2723.75830078125, 2115.694580078125, 1863.7935791015625, 1833.6956787109375, 1825.5794677734375, 1819.674072265625, 1809.8377685546875, 1803.6593017578125, 1794.5482177734375, 1785.8226318359375, 1777.8582763671875, 1771.7960205078125, 1765.9393310546875, 1755.4095458984375, 1748.2227783203125, 1740.42041015625, 1736.2091064453125, 1725.936279296875, 1717.9154052734375, 1715.3331298828125, 1703.6280517578125, 1694.691650390625, 1695.10302734375, 1682.42138671875, 1687.751708984375, 987.4841918945312, 501.6075439453125, 341.17803955078125, 302.3401794433594, 214.00616455078125, 214.34384155273438, 223.7432403564453, 211.43170166015625, 191.63816833496094, 194.2205352783203, 202.71514892578125, 200.80294799804688, 198.2904815673828, 199.47222900390625, 189.1767578125, 180.21022033691406, 169.3203887939453, 188.14199829101562, 181.61756896972656, 184.53736877441406, 175.3320770263672, 184.2235565185547, 194.2634735107422, 171.48080444335938, 168.7747039794922, 181.17709350585938, 169.93423461914062, 170.73922729492188, 155.39817810058594, 156.89175415039062, 169.48646545410156, 159.09048461914062, 156.84243774414062, 153.85643005371094, 228.76783752441406, 152.30886840820312, 147.42820739746094, 147.36526489257812, 134.42694091796875, 147.37234497070312, 140.16650390625, 133.45782470703125, 123.630126953125, 145.41314697265625, 159.91357421875, 135.3557586669922, 174.13539123535156, 149.69375610351562, 112.93518829345703, 157.28839111328125, 115.97559356689453, 121.30072784423828, 166.33255004882812, 116.75655364990234, 123.65316772460938, 121.5191650390625, 128.07557678222656, 114.17218017578125, 123.23163604736328, 107.09085083007812, 117.16946411132812, 146.9947967529297, 122.4059066772461, 120.98526763916016, 103.26648712158203, 116.05813598632812, 122.75707244873047, 109.2909927368164, 98.84426879882812, 97.30941772460938, 132.91148376464844, 93.22964477539062, 106.7664566040039], "val_mean_squared_error": [5152.4375, 3737.140625, 2723.336669921875, 2115.03125, 1862.8831787109375, 1832.669189453125, 1824.5416259765625, 1818.6285400390625, 1808.789794921875, 1802.60546875, 1793.4879150390625, 1784.76513671875, 1776.79345703125, 1770.7215576171875, 1764.8505859375, 1754.3157958984375, 1747.1231689453125, 1739.3057861328125, 1735.0750732421875, 1724.793212890625, 1716.7593994140625, 1714.156005859375, 1702.437255859375, 1693.4891357421875, 1693.880859375, 1681.169677734375, 1686.482666015625, 986.06298828125, 499.8508605957031, 339.0693664550781, 299.9980163574219, 211.56527709960938, 211.84603881835938, 221.2263641357422, 208.91334533691406, 189.10755920410156, 191.6776885986328, 200.1765594482422, 198.26531982421875, 195.76356506347656, 196.9381866455078, 186.63893127441406, 177.68661499023438, 166.79598999023438, 185.62330627441406, 179.10641479492188, 182.0291290283203, 172.82626342773438, 181.71629333496094, 191.75534057617188, 168.97593688964844, 166.27178955078125, 178.66412353515625, 167.4410400390625, 168.2454833984375, 152.89637756347656, 154.39755249023438, 167.0084228515625, 156.60049438476562, 154.3568115234375, 151.3655548095703, 226.28651428222656, 149.84317016601562, 144.96058654785156, 144.8925018310547, 131.9523162841797, 144.90733337402344, 137.69772338867188, 130.998046875, 121.16323852539062, 142.95729064941406, 157.46798706054688, 132.9049530029297, 171.6884307861328, 147.24261474609375, 110.49340057373047, 154.8555145263672, 113.53781127929688, 118.86835479736328, 163.9036865234375, 114.3199462890625, 121.20974731445312, 119.08670806884766, 125.63294982910156, 111.74354553222656, 120.79859161376953, 104.65802001953125, 114.73512268066406, 144.55780029296875, 119.9819564819336, 118.56038665771484, 100.8467788696289, 113.6366195678711, 120.34073638916016, 106.85944366455078, 96.42890930175781, 94.88877868652344, 130.4976348876953, 90.8004150390625, 104.34464263916016]}