{"loss": [6229.98486328125, 4519.47119140625, 3278.024169921875, 2453.77294921875, 2026.5709228515625, 1916.26611328125, 1910.26171875, 1910.4737548828125, 1910.37548828125, 1915.414794921875, 1908.45166015625, 1906.14697265625, 1908.896728515625, 1906.9462890625, 1910.9129638671875, 1908.2978515625, 1913.4075927734375, 1912.044189453125, 1912.6329345703125, 1914.075439453125, 1911.2158203125, 1913.798828125, 1905.010986328125, 1904.370361328125, 1904.5911865234375, 1906.280517578125, 1910.732177734375, 1905.37255859375, 1905.96728515625, 1906.39208984375, 1379.7679443359375, 666.8109130859375, 443.13031005859375, 355.57720947265625, 322.5583190917969, 300.2416076660156, 284.0654602050781, 271.49713134765625, 268.8429870605469, 256.97509765625, 251.09690856933594, 247.72804260253906, 237.19285583496094, 233.48167419433594, 228.74234008789062, 225.166015625, 222.59771728515625, 215.8819122314453, 211.05352783203125, 211.0032501220703, 208.39622497558594, 204.8147430419922, 200.45004272460938, 196.93917846679688, 193.78927612304688, 191.2898406982422, 186.69320678710938, 185.10397338867188, 180.24932861328125, 177.76303100585938, 175.4008026123047, 170.81455993652344, 172.50411987304688, 167.69207763671875, 164.9204864501953, 165.38400268554688, 162.843505859375, 157.42117309570312, 155.4820556640625, 151.038330078125, 150.9741973876953, 149.12554931640625, 145.46092224121094, 141.55160522460938, 142.34556579589844, 136.78260803222656, 138.6680145263672, 137.65447998046875, 135.38075256347656, 133.09194946289062, 130.35105895996094, 126.68225860595703, 126.8702621459961, 124.99895477294922, 121.72959899902344, 122.19584655761719, 121.27403259277344, 118.87217712402344, 115.23743438720703, 114.10493469238281, 113.49834442138672, 110.37318420410156, 109.73937225341797, 110.4706039428711, 109.78824615478516, 107.70475006103516, 104.63967895507812, 104.87335968017578, 105.15332794189453, 101.8150405883789], "mean_squared_error": [6229.93505859375, 4519.31982421875, 3277.70947265625, 2453.238037109375, 2025.7835693359375, 1915.2930908203125, 1909.2471923828125, 1909.45166015625, 1909.3507080078125, 1914.40283203125, 1907.427978515625, 1905.1312255859375, 1907.869140625, 1905.92431640625, 1909.8951416015625, 1907.2760009765625, 1912.390625, 1911.023681640625, 1911.6151123046875, 1913.0533447265625, 1910.200927734375, 1912.7808837890625, 1903.9951171875, 1903.3524169921875, 1903.5750732421875, 1905.2584228515625, 1909.719970703125, 1904.3599853515625, 1904.9530029296875, 1905.37841796875, 1378.681640625, 665.396484375, 441.3656311035156, 353.5406799316406, 320.3595886230469, 297.9641418457031, 281.7465515136719, 269.1547546386719, 266.4775695800781, 254.5956573486328, 248.7048797607422, 245.3282012939453, 234.7839813232422, 231.0566864013672, 226.31236267089844, 222.72933959960938, 220.15919494628906, 213.44717407226562, 208.623291015625, 208.57183837890625, 205.96583557128906, 202.38401794433594, 198.0209503173828, 194.51165771484375, 191.36090087890625, 188.8645782470703, 184.2654571533203, 182.67166137695312, 177.819091796875, 175.3422393798828, 172.975341796875, 168.38783264160156, 170.0809783935547, 165.26287841796875, 162.4974822998047, 162.96502685546875, 160.4227752685547, 155.00625610351562, 153.0592498779297, 148.6206512451172, 148.555908203125, 146.7073211669922, 143.04148864746094, 139.12599182128906, 139.92169189453125, 134.35064697265625, 136.24819946289062, 135.24258422851562, 132.96339416503906, 130.6801300048828, 127.94344329833984, 124.26702880859375, 124.4579086303711, 122.59455871582031, 119.32691192626953, 119.7863998413086, 118.87321472167969, 116.46727752685547, 112.83231353759766, 111.70323181152344, 111.09034729003906, 107.96831512451172, 107.34087371826172, 108.0689697265625, 107.38587188720703, 105.30094909667969, 102.23835754394531, 102.47325134277344, 102.7476577758789, 99.41336822509766], "val_loss": [5171.8759765625, 3746.903076171875, 2727.92138671875, 2112.101806640625, 1886.4442138671875, 1866.852783203125, 1866.72021484375, 1866.6202392578125, 1866.6063232421875, 1866.7806396484375, 1866.7462158203125, 1867.3525390625, 1866.6539306640625, 1866.6453857421875, 1866.8505859375, 1866.6019287109375, 1866.8372802734375, 1866.6727294921875, 1866.676025390625, 1866.6383056640625, 1866.8214111328125, 1866.817138671875, 1867.0506591796875, 1866.79638671875, 1867.282470703125, 1866.7205810546875, 1866.6683349609375, 1866.7899169921875, 1867.0482177734375, 1867.0294189453125, 788.0999145507812, 437.8007507324219, 352.8863525390625, 355.3442687988281, 262.76495361328125, 259.9522399902344, 256.17962646484375, 281.1405029296875, 205.72406005859375, 248.13365173339844, 244.52560424804688, 212.54750061035156, 249.0117950439453, 211.20285034179688, 189.6022491455078, 182.89248657226562, 212.0076446533203, 194.65736389160156, 258.2859802246094, 185.04022216796875, 192.80474853515625, 246.92237854003906, 203.54754638671875, 179.69595336914062, 186.38331604003906, 165.65159606933594, 188.0056610107422, 188.16976928710938, 193.39093017578125, 200.7632293701172, 175.6786651611328, 169.9163360595703, 175.0733642578125, 183.52735900878906, 162.2086639404297, 151.2747039794922, 149.7667999267578, 160.99655151367188, 150.30677795410156, 156.84095764160156, 152.74754333496094, 155.0232696533203, 144.18165588378906, 167.06793212890625, 147.73574829101562, 137.69166564941406, 139.203369140625, 164.56309509277344, 134.8358154296875, 129.3009796142578, 161.83287048339844, 143.72596740722656, 130.12643432617188, 132.9178924560547, 131.5270538330078, 144.12142944335938, 151.08518981933594, 120.54110717773438, 139.524169921875, 149.85244750976562, 123.65900421142578, 110.22647857666016, 133.71163940429688, 125.99073791503906, 134.13363647460938, 124.85707092285156, 114.51985168457031, 94.58722686767578, 97.38355255126953, 118.1680679321289], "val_mean_squared_error": [5171.78369140625, 3746.67724609375, 2727.50390625, 2111.439208984375, 1885.53857421875, 1865.85302734375, 1865.6993408203125, 1865.6043701171875, 1865.5975341796875, 1865.758544921875, 1865.7259521484375, 1866.3204345703125, 1865.637451171875, 1865.629638671875, 1865.8289794921875, 1865.5904541015625, 1865.816162109375, 1865.657470703125, 1865.660888671875, 1865.6246337890625, 1865.802001953125, 1865.79833984375, 1866.02734375, 1865.7786865234375, 1866.2569580078125, 1865.7066650390625, 1865.6561279296875, 1865.774169921875, 1866.0269775390625, 1866.00830078125, 786.8674926757812, 436.2024841308594, 350.9635925292969, 353.2118835449219, 260.5202331542969, 257.6556701660156, 253.85089111328125, 278.7888488769531, 203.35198974609375, 245.7459716796875, 242.12086486816406, 210.1436309814453, 246.59066772460938, 208.77822875976562, 187.1680145263672, 180.4521942138672, 209.571533203125, 192.22573852539062, 255.85984802246094, 182.606689453125, 190.36968994140625, 244.5005645751953, 201.12168884277344, 177.263671875, 183.95718383789062, 163.22984313964844, 185.572265625, 185.7408905029297, 190.9746856689453, 198.34185791015625, 173.24737548828125, 167.49269104003906, 172.64666748046875, 181.0955810546875, 159.7948455810547, 148.84381103515625, 147.35435485839844, 158.56837463378906, 147.89410400390625, 154.418701171875, 150.3327178955078, 152.6067657470703, 141.75677490234375, 164.634033203125, 145.30718994140625, 135.26416015625, 136.78953552246094, 162.153076171875, 132.4214630126953, 126.8952407836914, 159.4229736328125, 141.3001251220703, 127.7184066772461, 130.5194854736328, 129.1158905029297, 141.7126922607422, 148.68235778808594, 118.13153839111328, 137.11679077148438, 147.44406127929688, 121.25296783447266, 107.82686614990234, 131.3048553466797, 123.58932495117188, 131.72642517089844, 122.45514678955078, 112.12248992919922, 92.18372344970703, 94.97197723388672, 115.77079772949219]}