{"loss": [0.23837915062904358, 0.1252325475215912, 0.0993117094039917, 0.090866319835186, 0.0793527290225029, 0.07442965358495712, 0.07502499222755432, 0.07279711961746216, 0.06415651738643646, 0.060512974858284, 0.06503720581531525, 0.0544859804213047, 0.049422137439250946, 0.0506189800798893, 0.05192229524254799, 0.047184914350509644, 0.04452402517199516, 0.0501227043569088, 0.042183369398117065, 0.042453963309526443, 0.03760926425457001, 0.03699342533946037, 0.03666912391781807, 0.03110177256166935, 0.03408747538924217, 0.02859857678413391, 0.0360821858048439, 0.03271679952740669], "accuracy": [0.9075719118118286, 0.9553017616271973, 0.964960515499115, 0.9674986004829407, 0.9722222089767456, 0.9734207391738892, 0.9732092618942261, 0.974266767501831, 0.976875364780426, 0.9775098562240601, 0.975112795829773, 0.9822335243225098, 0.9838550686836243, 0.9831500053405762, 0.9832205176353455, 0.984419047832489, 0.986604630947113, 0.9827975034713745, 0.9864636063575745, 0.9866751432418823, 0.9892836809158325, 0.9884376525878906, 0.9894247055053711, 0.9911872744560242, 0.9893541932106018, 0.993090808391571, 0.9887902140617371, 0.9910462498664856], "val_loss": [0.14057651162147522, 0.10379339754581451, 0.08199135959148407, 0.08019962161779404, 0.10145361721515656, 0.07239045947790146, 0.08760882914066315, 0.07011714577674866, 0.07117652148008347, 0.0835128054022789, 0.09813569486141205, 0.06374064832925797, 0.06458169966936111, 0.07268532365560532, 0.06280691921710968, 0.078520767390728, 0.07357826828956604, 0.05750436708331108, 0.059362106025218964, 0.060421280562877655, 0.059348028153181076, 0.05771348625421524, 0.04980994760990143, 0.06568966805934906, 0.052369195967912674, 0.05154675617814064, 0.05193045735359192, 0.05549733340740204], "val_accuracy": [0.9526360034942627, 0.9582746028900146, 0.971525251865387, 0.9720891118049622, 0.962221622467041, 0.9734987020492554, 0.970115602016449, 0.9749083518981934, 0.9754722118377686, 0.9692698121070862, 0.960811972618103, 0.9785734415054321, 0.976599931716919, 0.9757541418075562, 0.9788553714752197, 0.9706794619560242, 0.9757541418075562, 0.9819566011428833, 0.9805469512939453, 0.9785734415054321, 0.9808288812637329, 0.9833662509918213, 0.9844939112663269, 0.9785734415054321, 0.9842119812965393, 0.9847758412361145, 0.9825204610824585, 0.9819566011428833]}