{"loss": [6208.94140625, 4493.12646484375, 3267.7783203125, 2441.949462890625, 2018.1697998046875, 1916.7923583984375, 1911.2720947265625, 1910.991455078125, 1909.225341796875, 1908.5997314453125, 1913.547607421875, 1908.1002197265625, 1910.000732421875, 1907.7991943359375, 1908.8853759765625, 1911.53076171875, 1902.8873291015625, 1909.6641845703125, 1907.6619873046875], "mean_squared_error": [6207.30029296875, 4493.0595703125, 3267.7783203125, 2441.949462890625, 2018.1697998046875, 1916.7921142578125, 1911.2720947265625, 1910.9910888671875, 1909.225341796875, 1908.5997314453125, 1913.547607421875, 1908.1002197265625, 1910.0006103515625, 1907.7991943359375, 1908.8853759765625, 1911.5306396484375, 1902.88720703125, 1909.6641845703125, 1907.6619873046875], "val_loss": [5140.55859375, 3720.03173828125, 2712.70703125, 2109.32763671875, 1884.3399658203125, 1865.6793212890625, 1865.6595458984375, 1865.6199951171875, 1865.66357421875, 1865.8448486328125, 1865.7177734375, 1865.6058349609375, 1865.5880126953125, 1865.583984375, 1865.65234375, 1865.953857421875, 1865.851318359375, 1865.744384765625, 1865.9921875], "val_mean_squared_error": [5140.20166015625, 3720.031494140625, 2712.70703125, 2109.327392578125, 1884.3399658203125, 1865.67919921875, 1865.659423828125, 1865.619873046875, 1865.6632080078125, 1865.8446044921875, 1865.7177734375, 1865.6058349609375, 1865.5880126953125, 1865.583740234375, 1865.652099609375, 1865.95361328125, 1865.851318359375, 1865.744384765625, 1865.9920654296875]}