{"loss": [206.84217834472656, 202.86412048339844, 204.8163299560547, 200.63259887695312, 202.92185974121094, 196.27207946777344, 196.87464904785156, 201.22410583496094, 197.8070526123047, 196.8654327392578, 195.24322509765625, 194.5797576904297, 193.32395935058594, 190.31251525878906, 185.09864807128906, 182.83692932128906, 182.96884155273438], "mean_squared_error": [204.01248168945312, 199.99981689453125, 201.92344665527344, 197.6966094970703, 199.9873504638672, 193.335693359375, 193.9281005859375, 198.25111389160156, 194.7948455810547, 193.83090209960938, 192.1803741455078, 191.51634216308594, 190.23033142089844, 187.17481994628906, 181.9436492919922, 179.6470489501953, 179.7553253173828], "val_loss": [174.68356323242188, 189.13160705566406, 175.28126525878906, 174.67111206054688, 169.8620147705078, 173.24508666992188, 170.681396484375, 173.24415588378906, 170.46067810058594, 160.1266632080078, 159.69834899902344, 154.6514892578125, 168.70228576660156, 161.1971893310547, 166.2669677734375, 172.7072296142578, 155.81146240234375], "val_mean_squared_error": [171.8289337158203, 186.26712036132812, 172.34719848632812, 171.7492218017578, 166.89956665039062, 170.2933807373047, 167.7274627685547, 170.26795959472656, 167.4427032470703, 157.10195922851562, 156.61669921875, 151.59228515625, 165.5703125, 158.06109619140625, 163.0840301513672, 169.52488708496094, 152.5911865234375]}