{"loss": [0.5457096695899963, 0.17048883438110352, 0.13780231773853302, 0.12334011495113373, 0.11155587434768677, 0.11043213307857513, 0.10567595064640045, 0.10909241437911987, 0.09699851274490356, 0.1026323214173317, 0.09475429356098175, 0.09601320326328278, 0.08999023586511612, 0.09250646829605103, 0.08940146118402481, 0.09663905948400497, 0.09291915595531464, 0.08246126025915146, 0.08540777862071991], "accuracy": [0.921249270439148, 0.9569233059883118, 0.9602369070053101, 0.961082935333252, 0.9629864692687988, 0.9624224305152893, 0.9646080136299133, 0.9633389711380005, 0.964537501335144, 0.9648900032043457, 0.9662295579910278, 0.9650310277938843, 0.968203604221344, 0.9656655192375183, 0.9672870635986328, 0.9651720523834229, 0.9653835296630859, 0.9680625796318054, 0.9688381552696228], "val_loss": [0.2565914988517761, 0.15010692179203033, 0.19012020528316498, 0.11553066968917847, 0.1154356449842453, 0.11067282408475876, 0.10519865900278091, 0.1010856181383133, 0.09317318350076675, 0.10384901612997055, 0.10328248888254166, 0.08766137063503265, 0.08290089666843414, 0.08253566175699234, 0.08515821397304535, 0.10557953268289566, 0.08783791214227676, 0.08686037361621857, 0.08462803065776825], "val_accuracy": [0.9233154654502869, 0.9531998634338379, 0.9365661144256592, 0.9670143723487854, 0.960811972618103, 0.9605300426483154, 0.9616577625274658, 0.9619396924972534, 0.9678601622581482, 0.962221622467041, 0.960811972618103, 0.9720891118049622, 0.968705952167511, 0.9695517420768738, 0.9698336720466614, 0.9627854228019714, 0.9712433218955994, 0.9698336720466614, 0.9675782322883606]}